created-date,name,title,selftext,ups,upvote_ratio,author_fullname,permalink,_meta_note,all_awardings,allow_live_comments,approved_at_utc,approved_by,archived,author,author_flair_background_color,author_flair_css_class,author_flair_richtext,author_flair_template_id,author_flair_text,author_flair_text_color,author_flair_type,author_is_blocked,author_patreon_flair,author_premium,awarders,banned_at_utc,banned_by,can_gild,can_mod_post,category,clicked,content_categories,contest_mode,created,created_utc,discussion_type,distinguished,domain,downs,edited,gilded,hidden,hide_score,id,is_created_from_ads_ui,is_crosspostable,is_meta,is_original_content,is_reddit_media_domain,is_robot_indexable,is_self,is_video,likes,link_flair_background_color,link_flair_css_class,link_flair_richtext,link_flair_template_id,link_flair_text,link_flair_text_color,link_flair_type,locked,media,media_only,mod_note,mod_reason_by,mod_reason_title,mod_reports,no_follow,num_comments,num_crossposts,num_reports,over_18,parent_whitelist_status,pinned,pwls,quarantine,removal_reason,removed_by,removed_by_category,report_reasons,retrieved_on,saved,score,secure_media,send_replies,spoiler,stickied,subreddit,subreddit_id,subreddit_name_prefixed,subreddit_subscribers,subreddit_type,suggested_sort,thumbnail,thumbnail_height,thumbnail_width,top_awarded_type,total_awards_received,treatment_tags,updated_on,url,user_reports,view_count,visited,whitelist_status,wls
20240101-044103,t3_18vp4xl,How would people describe the new GPT-esque model they have?,"Is it good?

Or should i stick with Dragon?",1,1.0,t2_x15n0wz,/r/AIDungeon/comments/18vp4xl/how_would_people_describe_the_new_gptesque_model/,no_2nd_retrieval,[],False,,,False,EndorDerDragonKing,,,[],,,,text,False,False,False,[],,,False,False,,False,,False,1704084063.0,1704084063.0,,,self.AIDungeon,0,False,0,False,True,18vp4xl,False,True,False,False,False,True,True,False,,#349e48,,[],ae468a20-1ac8-11ea-af43-0effba01f5bd,Questions,dark,text,False,,False,,,,[],True,5,0,0,False,,False,,False,,,,[],1704084084,False,1,,True,False,False,AIDungeon,t5_29uaei,r/AIDungeon,44907,public,,self,,,,0,[],1704084094,https://www.reddit.com/r/AIDungeon/comments/18vp4xl/how_would_people_describe_the_new_gptesque_model/,[],,False,,
20240101-062824,t3_18vqrjj,Something I love,I like to ask character to tell a joke or put in their cards that they are funny but the ai doesnt seem to quite understand humor. I recommend giving it a try because its lack of humor is funny. The jokes usually go something like this: what do you call a dinosaur that never smiles? A grumpy dinosaur. I just find it silly that it does this and I rather enjoy it. Just wanted to share,1,1.0,t2_97s1saty,/r/AIDungeon/comments/18vqrjj/something_i_love/,no_2nd_retrieval,[],False,,,False,Most-Environment-214,,,[],,,,text,False,False,False,[],,,False,False,,False,,False,1704090504.0,1704090504.0,,,self.AIDungeon,0,False,0,False,True,18vqrjj,False,True,False,False,False,True,True,False,,#005ba1,,[],ab2df5da-1ac8-11ea-9c1c-0e4df316c103,Feedback & Requests,light,text,False,,False,,,,[],True,3,0,0,False,,False,,False,,,,[],1704090519,False,1,,True,False,False,AIDungeon,t5_29uaei,r/AIDungeon,44907,public,,self,,,,0,[],1704090538,https://www.reddit.com/r/AIDungeon/comments/18vqrjj/something_i_love/,[],,False,,
20240101-080532,t3_18vs67c,Anyone else feel like they lobotomized griffin just to show how much better the new AI is?,"I mean it was repeating the same exact paragraph verbatim when describing my actions, and after 14 minutes of being annoyed I switch to the new one and it magically stops.

Don't get me wrong the new AI is still leaps and bounds above normal griffin but still.",1,1.0,t2_3biubevd,/r/AIDungeon/comments/18vs67c/anyone_else_feel_like_they_lobotomized_griffin/,no_2nd_retrieval,[],False,,,False,billyboi356,,,[],,,,text,False,False,False,[],,,False,False,,False,,False,1704096332.0,1704096332.0,,,self.AIDungeon,0,False,0,False,True,18vs67c,False,True,False,False,False,True,True,False,,#005ba1,,[],72427be6-9455-11ee-a127-aeee2d3d7133,AI News & Models,dark,text,False,,False,,,,[],True,10,0,0,False,,False,,False,,,,[],1704096353,False,1,,True,False,False,AIDungeon,t5_29uaei,r/AIDungeon,44907,public,,self,,,,0,[],1704096370,https://www.reddit.com/r/AIDungeon/comments/18vs67c/anyone_else_feel_like_they_lobotomized_griffin/,[],,False,,
20240101-155706,t3_18vzjrw,Are there AI-centric crypto projects where I can contribute in different roles?, Are there AI-centric crypto projects where I can contribute in different roles? ,1,1.0,t2_ls05h,/r/AIDungeon/comments/18vzjrw/are_there_aicentric_crypto_projects_where_i_can/,no_2nd_retrieval,[],False,,,False,melissabreanne,,,[],,,,text,False,False,False,[],,,False,False,,False,,False,1704124626.0,1704124626.0,,,self.AIDungeon,0,False,0,False,True,18vzjrw,False,True,False,False,False,True,True,False,,#349e48,,[],ae468a20-1ac8-11ea-af43-0effba01f5bd,Questions,dark,text,False,,False,,,,[],False,6,0,0,False,,False,,False,,,,[],1704124638,False,1,,True,False,False,AIDungeon,t5_29uaei,r/AIDungeon,44909,public,,self,,,,0,[],1704124656,https://www.reddit.com/r/AIDungeon/comments/18vzjrw/are_there_aicentric_crypto_projects_where_i_can/,[],,False,,
20240101-204549,t3_18w68lh,Saving Image Style,"Is there any way to save the ""Image Style"" seasonings globally? Right now it seems like I have to type them in again every time I start a new adventure. My favorite set right now consists of 10 tags, so it's a  lot to type. I end up starting every session by continuing an old adventure, copying the image style, then starting a new one and pasting it in.

(Incidentally, any update on improving the image filter? The dev team mentioned about a year ago that they were working on it, but I don't see any mention of it since. I still sometimes get failed requests for images that should be innocuous.)",1,1.0,t2_61ms2,/r/AIDungeon/comments/18w68lh/saving_image_style/,no_2nd_retrieval,[],False,,,False,MindWandererB,,,[],,,,text,False,False,False,[],,,False,False,,False,,False,1704141949.0,1704141949.0,,,self.AIDungeon,0,False,0,False,True,18w68lh,False,True,False,False,False,True,True,False,,#349e48,,[],ae468a20-1ac8-11ea-af43-0effba01f5bd,Questions,dark,text,False,,False,,,,[],True,0,0,0,False,,False,,False,,,,[],1704141964,False,1,,True,False,False,AIDungeon,t5_29uaei,r/AIDungeon,44910,public,,self,,,,0,[],1704141980,https://www.reddit.com/r/AIDungeon/comments/18w68lh/saving_image_style/,[],,False,,
