created-date,author,author_fullname,body,id,link_id,name,parent_id,permalink,score,ups,_meta_retrieved_2nd_on,all_awardings,approved_at_utc,approved_by,archived,associated_award,author_flair_background_color,author_flair_css_class,author_flair_richtext,author_flair_template_id,author_flair_text,author_flair_text_color,author_flair_type,author_is_blocked,author_patreon_flair,author_premium,awarders,banned_at_utc,banned_by,can_gild,can_mod_post,collapsed,collapsed_because_crowd_control,collapsed_reason,collapsed_reason_code,comment_type,controversiality,created,created_utc,distinguished,downs,edited,gilded,is_submitter,likes,locked,mod_note,mod_reason_by,mod_reason_title,mod_reports,no_follow,num_reports,removal_reason,replies,report_reasons,retrieved_on,saved,score_hidden,send_replies,stickied,subreddit,subreddit_id,subreddit_name_prefixed,subreddit_type,top_awarded_type,total_awards_received,treatment_tags,unrepliable_reason,updated_on,user_reports
20240101-004552,RealitySmackdown,t2_qv5209e74,any suggestions for best parameters in oobabooga?,kfrvgvz,t3_18ul6x5,t1_kfrvgvz,t1_kfq6brp,/r/AIDungeon/comments/18ul6x5/any_new_alternatives/kfrvgvz/,1,1,1704199561,[],,,False,,,,[],,,dark,text,False,False,False,[],,,False,False,False,,,,,0,1704069952.0,1704069952.0,,0,False,0,False,,False,,,,[],True,0,,,[],1704069968,False,False,True,False,AIDungeon,t5_29uaei,r/AIDungeon,public,,0,[],,1704069983,[]
20240101-021710,henk717,t2_bx8b9,Use it inside Koboldcpp with the adventure mode.,kfs7pr4,t3_18ul6x5,t1_kfs7pr4,t1_kfrvgvz,/r/AIDungeon/comments/18ul6x5/any_new_alternatives/kfs7pr4/,1,1,1704205039,[],,,False,,,,[],,,,text,False,False,False,[],,,False,False,False,,,,,0,1704075430.0,1704075430.0,,0,False,0,False,,False,,,,[],True,0,,,[],1704075444,False,False,True,False,AIDungeon,t5_29uaei,r/AIDungeon,public,,0,[],,1704075459,[]
20240101-045701,Aztecah,t2_f5a6q,It's hard to explain. The differences tend to be nuanced and are something that you 'feel' more than I can really articulate. Mixtral is currently my favorite way to play but I also use Dragon or GPT at times when Mixtral doesnt seem to be able to give me the responses I was hoping for. GPT tends to be a bit too vanilla for my liking.,kfsq6ia,t3_18vp4xl,t1_kfsq6ia,t3_18vp4xl,/r/AIDungeon/comments/18vp4xl/how_would_people_describe_the_new_gptesque_model/kfsq6ia/,3,3,1704214631,[],,,False,,,,[],,,,text,False,False,False,[],,,False,False,False,,,,,0,1704085021.0,1704085021.0,,0,False,0,False,,False,,,,[],True,0,,,[],1704085034,False,False,True,False,AIDungeon,t5_29uaei,r/AIDungeon,public,,0,[],,1704085052,[]
20240101-055407,RiftHunter4,t2_2r3fzc3l,"Mixtral has a larger context so it tends to read your story cards very well. I have se pretty diverse scenarios and it handles all of them pretty well.

It is bad at beginning an adventure though lol. It tends to skip details you chose and wither rambles about your character a bit or jos straight into the story.",kfsvo48,t3_18vp4xl,t1_kfsvo48,t3_18vp4xl,/r/AIDungeon/comments/18vp4xl/how_would_people_describe_the_new_gptesque_model/kfsvo48/,2,2,1704218054,[],,,False,,,,[],,,,text,False,False,False,[],,,False,False,False,,,,,0,1704088447.0,1704088447.0,,0,False,0,False,,False,,,,[],True,0,,,[],1704088473,False,False,True,False,AIDungeon,t5_29uaei,r/AIDungeon,public,,0,[],,1704088479,[]
20240101-062907,Most-Environment-214,t2_97s1saty,If you know anything similar to this please share! Id love to explore more of the silly things I can do with this.,kfsytbv,t3_18vqrjj,t1_kfsytbv,t3_18vqrjj,/r/AIDungeon/comments/18vqrjj/something_i_love/kfsytbv/,4,4,1704220156,[],,,False,,,,[],,,,text,False,False,False,[],,,False,False,False,,,,,0,1704090547.0,1704090547.0,,0,False,0,True,,False,,,,[],True,0,,,[],1704090560,False,False,True,False,AIDungeon,t5_29uaei,r/AIDungeon,public,,0,[],,1704090578,[]
20240101-085416,Chaot1cNeutral,t2_21ybxkkc,"By the way guys, don’t even try Claude AI. It’s twice as restrictive as ChatGPT even now.

My last prompt was talking about a scenario where one of the characters has Dissociative Identity Disorder, or DID. I didn’t even try to emphasize the trauma stuff, but it would’ve caught on if I asked about the trauma any more..",kfta48k,t3_17rkfoc,t1_kfta48k,t1_k8l5afw,/r/AIDungeon/comments/17rkfoc/chatgpt_will_not_let_me_be_a_necromancer/kfta48k/,1,1,1704228872,[],,,False,,,,[],,,,text,False,False,False,[],,,False,False,False,,,,,0,1704099256.0,1704099256.0,,0,False,0,False,,False,,,,[],True,0,,,[],1704099275,False,False,True,False,AIDungeon,t5_29uaei,r/AIDungeon,public,,0,[],,1704099286,[]
